<?xml version="1.0" encoding="UTF-8" standalone="yes"?>
<addon id="repository.AniBrasil" name="AniBrasil" version="VERSION_NUMBER_HERE" provider-name="ArrozBugado">
    <extension point="xbmc.addon.repository" name="Nome Repository">
        <dir>
            <info compressed="false">https://raw.githubusercontent.com/ArrozBugado/AniBrasil/master/zips/addons.xml</info>
            <checksum>https://raw.githubusercontent.com/ArrozBugado/AniBrasil/master/zips/addons.xml.md5</checksum>
            <datadir zip="true">https://raw.githubusercontent.com/ArrozBugado/AniBrasil/master/zips/</datadir>
        </dir>
    </extension>
    <extension point="xbmc.addon.metadata">
        <summary>Repo do AniBrasil</summary>
        <description>Uma addon feita para assistir sem nenhum tipo de anúncio!</description>
        <disclaimer></disclaimer>
        <platform>all</platform>
        <assets>
            <icon>icon.png</icon>
            <fanart>anirepo.jpg</fanart>
        </assets>
    </extension>
</addon>
